team,fg_pct,fg3_pct,ft_pct,year,off_rtg,def_rtg,pace,fta_per_fga_pct,fg3a_per_fga_pct,ts_pct,mov,sos,wins,losses,efg_pct,orb_pct,tov_pct,ft_rate,opp_efg_pct,opp_tov_pct,drb_pct,opp_ft_rate,win_pct
PHO,.492,0.412,0.77,2010,115.3,110.2,95.3,0.312,0.261,0.585,4.90,-0.23,54,28,0.546,0.28,0.14,0.24,0.491,0.12,0.71,0.224,0.71
GSW,.469,0.375,0.782,2010,108.1,111.7,100.4,0.294,0.238,0.557,-3.60,0.32,26,56,0.514,0.21,0.13,0.23,0.525,0.15,0.68,0.26,0.29
DEN,.468,0.359,0.772,2010,111.8,107.5,94.8,0.376,0.227,0.561,4.09,0.06,53,29,0.509,0.26,0.13,0.29,0.495,0.14,0.72,0.251,0.71
UTA,.491,0.364,0.741,2010,110.7,105.0,93.8,0.34,0.184,0.565,5.34,-0.01,53,29,0.524,0.27,0.14,0.252,0.492,0.14,0.76,0.269,0.71
TOR,.482,0.371,0.764,2010,111.3,113.2,93.1,0.319,0.211,0.564,-1.78,-0.05,40,42,0.521,0.25,0.13,0.244,0.513,0.12,0.73,0.247,0.5
ORL,.470,0.375,0.724,2010,111.4,103.3,92.0,0.34,0.35,0.573,7.49,-0.37,59,23,0.536,0.25,0.14,0.246,0.477,0.12,0.77,0.205,0.71
MEM,.469,0.337,0.733,2010,108.3,109.9,93.6,0.32,0.148,0.536,-1.51,0.13,40,42,0.494,0.31,0.14,0.235,0.52,0.13,0.73,0.205,0.5
HOU,.447,0.351,0.772,2010,107.6,108.0,94.0,0.292,0.265,0.537,-0.37,0.35,42,40,0.494,0.27,0.13,0.225,0.511,0.14,0.74,0.215,0.5
NYK,.455,0.346,0.782,2010,107.6,111.6,94.0,0.256,0.312,0.547,-3.82,-0.19,29,53,0.509,0.24,0.13,0.2,0.526,0.13,0.72,0.207,0.29
CLE,.485,0.381,0.72,2010,111.2,104.1,91.4,0.341,0.248,0.57,6.52,-0.36,61,21,0.532,0.25,0.13,0.246,0.482,0.12,0.77,0.218,0.75
DAL,.464,0.372,0.816,2010,109.2,106.3,92.5,0.277,0.222,0.552,2.72,-0.06,55,27,0.506,0.24,0.12,0.226,0.495,0.14,0.74,0.206,0.71
LAL,.457,0.341,0.765,2010,108.8,103.7,92.8,0.289,0.227,0.538,4.72,0.06,57,25,0.496,0.28,0.12,0.221,0.484,0.13,0.74,0.195,0.71
ATL,.468,0.36,0.759,2010,111.9,106.7,90.1,0.281,0.214,0.545,4.66,-0.22,53,29,0.506,0.28,0.11,0.213,0.496,0.13,0.73,0.208,0.71
OKC,.462,0.34,0.805,2010,108.3,104.6,93.1,0.333,0.185,0.547,3.49,0.06,50,32,0.494,0.29,0.14,0.268,0.483,0.14,0.74,0.229,0.62
SAS,.473,0.358,0.74,2010,110.0,104.5,91.7,0.296,0.232,0.552,5.09,-0.02,50,32,0.515,0.27,0.13,0.219,0.483,0.12,0.76,0.214,0.62
IND,.443,0.348,0.775,2010,103.7,106.8,97.1,0.296,0.278,0.536,-3.01,-0.10,32,50,0.491,0.22,0.14,0.229,0.49,0.13,0.73,0.258,0.38
NOP,.464,0.363,0.778,2010,107.4,110.1,92.6,0.243,0.23,0.543,-2.46,0.19,37,45,0.506,0.25,0.13,0.189,0.523,0.14,0.74,0.205,0.43
SAC,.456,0.349,0.726,2010,105.3,109.9,94.0,0.286,0.201,0.528,-4.37,0.30,25,57,0.491,0.28,0.14,0.207,0.505,0.13,0.74,0.244,0.29
BOS,.483,0.348,0.746,2010,107.7,103.8,91.6,0.332,0.228,0.564,3.66,-0.29,50,32,0.522,0.23,0.14,0.248,0.487,0.15,0.74,0.251,0.62
MIN,.449,0.341,0.746,2010,101.7,111.6,96.1,0.278,0.171,0.518,-9.60,0.54,15,67,0.478,0.27,0.15,0.207,0.525,0.13,0.74,0.22,0.15
POR,.461,0.354,0.79,2010,110.8,107.1,87.7,0.315,0.215,0.547,3.30,-0.13,50,32,0.499,0.28,0.12,0.249,0.502,0.13,0.75,0.219,0.62
PHI,.460,0.343,0.756,2010,106.1,110.3,91.6,0.27,0.206,0.534,-3.90,-0.03,27,55,0.496,0.28,0.14,0.204,0.518,0.14,0.73,0.231,0.29
MIL,.436,0.356,0.755,2010,104.9,103.1,91.7,0.239,0.259,0.518,1.70,-0.32,46,36,0.482,0.26,0.12,0.181,0.486,0.15,0.76,0.266,0.57
CHI,.451,0.33,0.754,2010,103.5,105.3,93.1,0.287,0.156,0.52,-1.63,0.00,41,41,0.477,0.27,0.13,0.217,0.484,0.12,0.75,0.212,0.5
MIA,.458,0.346,0.752,2010,106.6,104.1,89.6,0.296,0.219,0.537,2.28,-0.29,47,35,0.496,0.26,0.13,0.223,0.48,0.14,0.75,0.246,0.57
WAS,.449,0.353,0.762,2010,104.2,109.4,91.6,0.283,0.183,0.524,-4.78,0.06,26,56,0.481,0.28,0.14,0.216,0.502,0.13,0.72,0.239,0.29
LAC,.455,0.332,0.73,2010,103.3,110.1,92.6,0.283,0.221,0.529,-6.35,0.34,29,53,0.491,0.27,0.15,0.206,0.509,0.12,0.74,0.214,0.29
CHO,.453,0.346,0.751,2010,104.4,102.8,90.4,0.346,0.211,0.538,1.46,-0.17,44,38,0.49,0.26,0.15,0.26,0.491,0.15,0.74,0.194,0.57
DET,.445,0.314,0.728,2010,105.6,111.4,88.5,0.303,0.18,0.515,-5.11,0.09,27,55,0.474,0.3,0.13,0.22,0.526,0.14,0.73,0.264,0.29
BRK,.429,0.318,0.78,2010,100.6,110.5,91.4,0.307,0.181,0.509,-9.12,0.19,12,70,0.458,0.25,0.14,0.24,0.517,0.13,0.72,0.229,0.13
DEN,.476,0.388,0.765,2011,112.3,107.3,95.6,0.367,0.258,0.574,4.76,0.05,50,32,0.526,0.24,0.13,0.281,0.5,0.13,0.75,0.224,0.62
NYK,.457,0.368,0.809,2011,110.9,110.1,95.6,0.304,0.303,0.561,0.78,-0.30,42,40,0.513,0.24,0.13,0.246,0.511,0.14,0.72,0.24,0.5
HOU,.454,0.367,0.801,2011,111.3,109.0,94.2,0.299,0.264,0.55,2.18,0.19,43,39,0.503,0.27,0.12,0.239,0.5,0.13,0.73,0.219,0.57
PHO,.470,0.377,0.759,2011,109.5,110.4,94.4,0.283,0.271,0.559,-0.89,0.43,40,42,0.522,0.24,0.13,0.215,0.513,0.13,0.72,0.211,0.5
OKC,.464,0.347,0.823,2011,111.2,107.2,92.7,0.363,0.212,0.561,3.79,0.02,55,27,0.501,0.27,0.13,0.299,0.493,0.13,0.74,0.228,0.71
SAS,.475,0.397,0.767,2011,111.8,105.6,92.3,0.299,0.261,0.567,5.71,0.16,61,21,0.527,0.25,0.13,0.229,0.491,0.13,0.75,0.19,0.75
GSW,.461,0.392,0.761,2011,108.2,110.7,94.8,0.241,0.248,0.544,-2.33,0.33,36,46,0.51,0.27,0.13,0.183,0.509,0.14,0.69,0.259,0.43
MIA,.481,0.37,0.769,2011,111.7,103.5,90.9,0.363,0.235,0.573,7.46,-0.71,58,24,0.524,0.25,0.14,0.279,0.475,0.13,0.76,0.223,0.71
LAL,.463,0.352,0.779,2011,111.0,104.3,90.7,0.293,0.22,0.545,6.11,-0.10,57,25,0.502,0.29,0.12,0.228,0.477,0.13,0.72,0.181,0.71
MIN,.441,0.376,0.768,2011,104.2,111.1,96.5,0.282,0.223,0.526,-6.63,0.67,17,65,0.483,0.3,0.15,0.217,0.514,0.13,0.74,0.251,0.15
DAL,.475,0.365,0.777,2011,109.7,105.0,91.3,0.286,0.274,0.565,4.23,0.18,57,25,0.525,0.24,0.14,0.222,0.488,0.13,0.75,0.206,0.71
MEM,.471,0.334,0.75,2011,107.6,105.1,91.9,0.291,0.136,0.534,2.34,0.20,46,36,0.493,0.29,0.13,0.218,0.502,0.16,0.72,0.228,0.57
IND,.442,0.354,0.782,2011,104.8,106.0,94.7,0.3,0.244,0.533,-1.07,-0.30,37,45,0.486,0.26,0.14,0.235,0.487,0.13,0.74,0.237,0.43
UTA,.465,0.346,0.771,2011,108.1,110.1,91.0,0.313,0.191,0.544,-1.83,0.39,39,43,0.498,0.27,0.14,0.241,0.505,0.14,0.72,0.275,0.43
SAC,.449,0.335,0.734,2011,103.5,109.0,95.2,0.284,0.183,0.519,-5.34,0.54,24,58,0.48,0.3,0.14,0.208,0.513,0.14,0.74,0.233,0.29
ORL,.461,0.366,0.692,2011,107.9,102.0,91.2,0.328,0.328,0.554,5.46,-0.54,52,30,0.521,0.26,0.14,0.227,0.475,0.13,0.77,0.219,0.63
TOR,.465,0.316,0.755,2011,106.1,112.9,92.9,0.293,0.162,0.533,-6.28,0.01,22,60,0.491,0.28,0.14,0.221,0.522,0.13,0.72,0.251,0.25
PHI,.461,0.355,0.77,2011,106.6,105.0,91.7,0.273,0.184,0.535,1.50,-0.50,41,41,0.494,0.25,0.12,0.21,0.487,0.14,0.74,0.231,0.5
LAC,.457,0.338,0.707,2011,105.3,108.7,92.8,0.332,0.23,0.535,-3.13,0.42,32,50,0.496,0.28,0.15,0.234,0.499,0.13,0.73,0.25,0.38
CHI,.462,0.361,0.743,2011,108.3,100.3,90.4,0.305,0.215,0.541,7.32,-0.79,62,20,0.501,0.29,0.14,0.227,0.463,0.14,0.76,0.222,0.75
WAS,.443,0.332,0.745,2011,102.4,110.2,93.8,0.29,0.172,0.513,-7.40,0.11,23,59,0.471,0.28,0.14,0.216,0.512,0.14,0.7,0.249,0.29
DET,.460,0.376,0.737,2011,107.7,111.7,89.2,0.279,0.189,0.533,-3.60,-0.18,30,52,0.495,0.27,0.12,0.206,0.526,0.14,0.72,0.235,0.37
BOS,.486,0.365,0.77,2011,106.2,100.3,90.4,0.305,0.18,0.561,5.37,-0.54,56,26,0.519,0.21,0.14,0.235,0.469,0.15,0.75,0.235,0.71
POR,.447,0.345,0.804,2011,108.8,107.1,87.9,0.278,0.228,0.533,1.52,0.32,48,34,0.486,0.3,0.13,0.224,0.51,0.15,0.72,0.231,0.57
CLE,.434,0.342,0.745,2011,102.2,111.8,93.0,0.312,0.224,0.518,-9.01,0.14,19,63,0.472,0.24,0.13,0.233,0.524,0.13,0.73,0.211,0.15
ATL,.462,0.352,0.779,2011,106.1,107.0,89.3,0.269,0.222,0.542,-0.82,-0.28,44,38,0.501,0.23,0.14,0.209,0.495,0.12,0.75,0.211,0.57
NOP,.459,0.36,0.765,2011,106.2,105.2,88.7,0.296,0.192,0.537,0.89,0.39,46,36,0.493,0.25,0.13,0.226,0.501,0.14,0.76,0.22,0.57
BRK,.440,0.343,0.759,2011,103.1,109.9,89.9,0.283,0.201,0.517,-6.24,-0.04,24,58,0.474,0.26,0.13,0.215,0.503,0.12,0.74,0.241,0.29
CHO,.451,0.327,0.756,2011,103.4,107.8,89.6,0.314,0.189,0.528,-4.00,-0.08,34,48,0.482,0.26,0.14,0.237,0.5,0.13,0.75,0.229,0.43
MIL,.430,0.342,0.757,2011,101.6,102.5,89.8,0.287,0.216,0.511,-0.84,-0.17,35,47,0.467,0.25,0.13,0.217,0.481,0.15,0.75,0.236,0.43
DEN,.476,0.332,0.735,2012,109.2,106.2,94.2,0.326,0.243,0.556,2.88,0.29,38,28,0.516,0.28,0.14,0.239,0.508,0.14,0.74,0.185,0.6
SAS,.478,0.393,0.748,2012,110.9,103.2,92.9,0.261,0.257,0.562,7.17,0.11,50,16,0.528,0.25,0.13,0.195,0.489,0.13,0.76,0.168,0.83
OKC,.471,0.358,0.806,2012,109.8,103.2,93.0,0.334,0.252,0.567,6.12,0.32,47,19,0.516,0.28,0.15,0.269,0.465,0.13,0.72,0.207,0.79
UTA,.456,0.323,0.754,2012,106.8,106.1,91.4,0.302,0.153,0.525,0.62,0.30,36,30,0.481,0.3,0.13,0.227,0.493,0.14,0.74,0.245,0.5
MIL,.443,0.345,0.774,2012,105.5,105.2,93.7,0.25,0.224,0.521,0.27,-0.50,31,35,0.481,0.28,0.13,0.194,0.489,0.15,0.71,0.217,0.5
SAC,.436,0.316,0.736,2012,103.8,109.8,94.7,0.268,0.228,0.51,-5.68,0.73,22,44,0.472,0.29,0.13,0.197,0.515,0.14,0.7,0.199,0.33
MIA,.469,0.359,0.775,2012,106.6,100.2,91.2,0.307,0.198,0.549,5.98,-0.27,46,20,0.505,0.27,0.14,0.238,0.479,0.16,0.74,0.2,0.67
PHO,.458,0.343,0.757,2012,106.2,106.5,92.6,0.257,0.238,0.536,-0.24,0.53,33,33,0.499,0.26,0.13,0.194,0.491,0.13,0.72,0.2,0.5
HOU,.449,0.359,0.782,2012,105.5,105.2,91.7,0.235,0.24,0.529,0.23,0.35,34,32,0.492,0.28,0.14,0.184,0.49,0.14,0.73,0.21,0.5
MIN,.433,0.332,0.771,2012,104.3,106.6,93.3,0.306,0.262,0.524,-2.20,0.37,26,40,0.477,0.28,0.14,0.236,0.491,0.12,0.73,0.187,0.34
NYK,.443,0.336,0.741,2012,104.4,101.0,93.2,0.306,0.288,0.533,3.20,-0.81,36,30,0.492,0.27,0.15,0.227,0.485,0.16,0.74,0.224,0.5
GSW,.457,0.388,0.77,2012,105.4,109.1,92.3,0.227,0.248,0.539,-3.41,0.62,23,43,0.505,0.23,0.13,0.175,0.496,0.14,0.69,0.237,0.33
IND,.438,0.368,0.782,2012,106.7,103.1,90.7,0.321,0.198,0.526,3.30,-0.71,42,24,0.474,0.29,0.13,0.251,0.476,0.14,0.72,0.222,0.66
LAC,.455,0.357,0.68,2012,108.5,105.7,89.2,0.287,0.269,0.533,2.56,0.26,40,26,0.502,0.3,0.13,0.195,0.492,0.14,0.73,0.245,0.66
LAL,.457,0.326,0.756,2012,106.0,104.4,90.5,0.299,0.209,0.534,1.42,0.54,41,25,0.491,0.29,0.14,0.226,0.476,0.11,0.75,0.158,0.66
POR,.443,0.346,0.796,2012,105.7,106.4,91.2,0.263,0.255,0.531,-0.62,0.41,28,38,0.488,0.26,0.13,0.209,0.504,0.14,0.73,0.199,0.4
ATL,.454,0.37,0.74,2012,104.9,101.2,90.2,0.259,0.249,0.535,3.44,-0.77,40,26,0.5,0.24,0.13,0.192,0.48,0.14,0.74,0.186,0.66
CHI,.452,0.375,0.722,2012,107.4,98.3,89.1,0.255,0.205,0.523,8.18,-0.76,50,16,0.49,0.33,0.13,0.184,0.45,0.13,0.74,0.175,0.83
DAL,.443,0.339,0.771,2012,103.3,102.3,91.4,0.246,0.271,0.527,0.95,0.83,36,30,0.489,0.23,0.13,0.19,0.479,0.14,0.75,0.203,0.5
MEM,.447,0.326,0.759,2012,104.0,101.8,90.8,0.277,0.157,0.515,2.02,0.42,41,25,0.473,0.3,0.14,0.211,0.485,0.16,0.73,0.227,0.66
ORL,.441,0.375,0.66,2012,105.0,104.1,89.0,0.292,0.346,0.533,0.79,-0.33,37,29,0.506,0.26,0.14,0.193,0.488,0.13,0.76,0.19,0.59
WAS,.441,0.32,0.727,2012,101.0,106.2,92.5,0.253,0.196,0.508,-4.80,-0.34,20,46,0.472,0.27,0.14,0.184,0.492,0.14,0.71,0.229,0.33
PHI,.448,0.362,0.742,2012,103.9,99.2,89.7,0.217,0.175,0.511,4.24,-0.65,35,31,0.48,0.24,0.11,0.161,0.46,0.14,0.75,0.192,0.5
BRK,.425,0.342,0.777,2012,102.9,109.6,90.1,0.269,0.278,0.516,-5.98,-0.39,22,44,0.473,0.28,0.14,0.209,0.513,0.14,0.71,0.209,0.33
CLE,.422,0.346,0.716,2012,101.1,108.9,91.3,0.307,0.238,0.505,-7.20,-0.14,21,45,0.463,0.29,0.14,0.22,0.508,0.13,0.72,0.202,0.33
BOS,.460,0.367,0.778,2012,101.0,98.2,90.4,0.257,0.194,0.535,2.52,-0.26,39,27,0.496,0.2,0.15,0.2,0.452,0.15,0.72,0.216,0.6
DET,.438,0.346,0.752,2012,101.0,106.3,89.2,0.279,0.175,0.51,-4.79,-0.40,25,41,0.468,0.28,0.15,0.21,0.5,0.14,0.73,0.226,0.34
TOR,.440,0.34,0.77,2012,100.8,104.5,89.3,0.274,0.209,0.518,-3.30,-0.36,23,43,0.475,0.26,0.15,0.211,0.475,0.13,0.75,0.26,0.33
NOP,.451,0.333,0.757,2012,100.9,105.1,88.3,0.274,0.152,0.517,-3.76,0.65,21,45,0.476,0.28,0.15,0.207,0.485,0.14,0.73,0.218,0.33
CHO,.414,0.295,0.746,2012,95.2,110.4,91.1,0.276,0.169,0.483,-13.91,-0.05,7,59,0.439,0.24,0.14,0.206,0.512,0.13,0.71,0.206,0.01
DEN,.478,0.343,0.701,2013,110.4,105.1,95.1,0.308,0.217,0.549,5.09,0.28,57,25,0.515,0.31,0.14,0.216,0.493,0.14,0.72,0.193,0.71
HOU,.461,0.366,0.754,2013,109.7,106.1,96.1,0.308,0.349,0.564,3.48,0.22,45,37,0.525,0.26,0.15,0.232,0.502,0.14,0.75,0.196,0.57
OKC,.481,0.377,0.828,2013,112.4,102.6,93.3,0.338,0.244,0.58,9.21,-0.06,60,22,0.527,0.27,0.14,0.28,0.469,0.14,0.73,0.197,0.75
SAS,.481,0.376,0.791,2013,108.3,101.6,94.2,0.258,0.264,0.568,6.40,0.27,58,24,0.531,0.2,0.14,0.204,0.48,0.14,0.75,0.179,0.71
MIA,.496,0.396,0.754,2013,112.3,103.7,90.7,0.297,0.285,0.588,7.87,-0.84,66,16,0.552,0.22,0.14,0.224,0.487,0.15,0.73,0.2,0.85
LAL,.458,0.355,0.692,2013,107.8,106.6,94.4,0.345,0.303,0.548,1.16,0.32,45,37,0.512,0.27,0.14,0.239,0.496,0.12,0.74,0.163,0.57
GSW,.458,0.403,0.79,2013,106.4,105.5,94.5,0.255,0.239,0.545,0.89,0.42,47,35,0.506,0.25,0.14,0.201,0.486,0.12,0.76,0.211,0.57
DAL,.462,0.372,0.793,2013,105.9,106.5,94.1,0.242,0.236,0.544,-0.60,0.36,41,41,0.506,0.22,0.13,0.192,0.492,0.13,0.73,0.227,0.5
LAC,.478,0.358,0.711,2013,110.6,103.6,91.1,0.286,0.265,0.557,6.45,-0.02,56,26,0.526,0.29,0.14,0.203,0.492,0.15,0.74,0.229,0.71
SAC,.447,0.363,0.769,2013,106.2,111.4,93.6,0.271,0.243,0.532,-4.88,0.62,28,54,0.491,0.27,0.13,0.208,0.517,0.14,0.71,0.227,0.29
NYK,.448,0.376,0.759,2013,111.1,106.3,89.8,0.258,0.354,0.55,4.23,-0.50,54,28,0.515,0.26,0.12,0.196,0.508,0.15,0.75,0.216,0.71
MIL,.435,0.36,0.736,2013,103.6,105.2,94.7,0.236,0.232,0.51,-1.50,-0.33,38,44,0.476,0.28,0.13,0.174,0.492,0.14,0.71,0.201,0.43
UTA,.454,0.366,0.764,2013,106.7,106.8,90.9,0.281,0.206,0.533,-0.09,0.38,43,39,0.492,0.29,0.14,0.214,0.501,0.14,0.73,0.226,0.57
ATL,.464,0.371,0.715,2013,104.8,104.4,92.6,0.244,0.286,0.546,0.40,-0.48,44,38,0.517,0.22,0.14,0.174,0.496,0.14,0.74,0.181,0.57
POR,.448,0.353,0.776,2013,105.8,109.2,91.4,0.25,0.284,0.536,-3.17,0.65,33,49,0.498,0.25,0.14,0.194,0.512,0.12,0.73,0.189,0.43
TOR,.446,0.343,0.788,2013,105.9,107.5,90.4,0.274,0.249,0.532,-1.48,-0.48,34,48,0.488,0.26,0.13,0.216,0.5,0.14,0.73,0.247,0.43
BRK,.450,0.357,0.731,2013,108.2,106.2,88.8,0.299,0.269,0.536,1.78,-0.53,49,33,0.498,0.31,0.14,0.219,0.503,0.13,0.74,0.174,0.57
CLE,.434,0.346,0.756,2013,104.3,109.4,92.3,0.265,0.229,0.514,-4.68,-0.19,24,58,0.473,0.28,0.13,0.2,0.523,0.14,0.73,0.225,0.29
MIN,.439,0.305,0.742,2013,102.9,105.4,92.8,0.305,0.22,0.516,-2.37,0.54,31,51,0.473,0.27,0.14,0.226,0.511,0.15,0.74,0.187,0.38
BOS,.465,0.358,0.776,2013,103.1,103.3,91.7,0.263,0.215,0.542,-0.22,-0.40,41,40,0.503,0.2,0.14,0.204,0.482,0.14,0.73,0.216,0.5
PHO,.443,0.33,0.744,2013,101.2,108.1,93.4,0.234,0.21,0.512,-6.46,0.71,25,57,0.477,0.27,0.14,0.174,0.512,0.14,0.72,0.208,0.29
DET,.449,0.356,0.699,2013,103.8,108.1,90.8,0.282,0.217,0.521,-3.99,-0.34,29,53,0.487,0.28,0.14,0.197,0.505,0.13,0.73,0.209,0.29
ORL,.448,0.329,0.755,2013,101.6,109.1,92.2,0.197,0.223,0.514,-6.99,-0.14,20,62,0.485,0.25,0.14,0.149,0.508,0.12,0.75,0.195,0.25
NOP,.448,0.363,0.776,2013,105.7,110.1,88.5,0.248,0.224,0.528,-3.87,0.75,27,55,0.489,0.29,0.14,0.193,0.52,0.13,0.74,0.208,0.29
IND,.436,0.347,0.746,2013,104.3,99.8,90.2,0.293,0.245,0.521,4.02,-0.69,49,32,0.479,0.3,0.14,0.219,0.453,0.13,0.75,0.197,0.58
CHO,.425,0.335,0.75,2013,101.5,111.5,91.5,0.31,0.21,0.507,-9.23,-0.06,21,61,0.46,0.26,0.13,0.233,0.524,0.13,0.71,0.197,0.25
MEM,.444,0.345,0.773,2013,104.9,100.3,88.4,0.261,0.166,0.514,4.15,0.18,56,26,0.472,0.31,0.13,0.202,0.475,0.15,0.74,0.209,0.71
WAS,.435,0.365,0.733,2013,100.2,103.0,92.2,0.261,0.223,0.512,-2.54,-0.25,29,53,0.475,0.25,0.14,0.191,0.483,0.14,0.75,0.206,0.29
CHI,.437,0.353,0.773,2013,103.5,103.2,89.3,0.259,0.189,0.512,0.32,-0.33,45,37,0.47,0.29,0.14,0.201,0.477,0.13,0.74,0.206,0.57
PHI,.444,0.36,0.729,2013,102.0,105.7,91.0,0.2,0.209,0.509,-3.34,-0.17,34,48,0.481,0.25,0.12,0.146,0.495,0.14,0.73,0.2,0.43
LAC,.474,0.352,0.73,2014,112.1,104.8,95.9,0.353,0.291,0.567,6.98,0.30,57,25,0.526,0.25,0.13,0.258,0.484,0.14,0.72,0.222,0.71
HOU,.472,0.358,0.712,2014,111.0,106.3,96.3,0.386,0.33,0.571,4.56,0.50,54,28,0.531,0.27,0.15,0.275,0.489,0.12,0.74,0.193,0.71
MIN,.444,0.341,0.778,2014,108.9,106.2,97.3,0.321,0.245,0.535,2.67,0.43,40,42,0.486,0.27,0.12,0.249,0.518,0.15,0.74,0.177,0.5
POR,.450,0.372,0.815,2014,111.5,107.4,94.9,0.27,0.29,0.548,3.99,0.45,54,28,0.504,0.28,0.12,0.22,0.488,0.11,0.75,0.194,0.71
OKC,.471,0.361,0.806,2014,110.5,103.9,95.4,0.303,0.271,0.566,6.34,0.32,59,23,0.52,0.26,0.14,0.244,0.488,0.14,0.76,0.221,0.71
SAS,.486,0.397,0.785,2014,110.5,102.4,95.0,0.24,0.257,0.571,7.72,0.28,62,20,0.537,0.23,0.14,0.188,0.482,0.13,0.76,0.184,0.75
PHO,.463,0.372,0.758,2014,109.5,106.7,95.8,0.293,0.3,0.558,2.63,0.39,48,34,0.519,0.26,0.14,0.222,0.496,0.14,0.74,0.237,0.57
DAL,.474,0.384,0.795,2014,111.2,108.7,93.5,0.253,0.274,0.564,2.40,0.50,49,33,0.526,0.25,0.13,0.201,0.515,0.15,0.73,0.229,0.57
DEN,.447,0.358,0.726,2014,106.0,108.2,98.1,0.306,0.278,0.536,-2.15,0.75,36,46,0.497,0.28,0.14,0.222,0.5,0.13,0.74,0.233,0.43
GSW,.462,0.38,0.753,2014,107.5,102.6,96.2,0.247,0.291,0.55,4.80,0.34,51,31,0.517,0.25,0.14,0.186,0.477,0.14,0.76,0.224,0.62
LAL,.450,0.381,0.757,2014,104.2,110.6,98.7,0.263,0.291,0.542,-6.29,0.96,27,55,0.505,0.2,0.14,0.199,0.513,0.12,0.71,0.192,0.29
MIA,.501,0.364,0.76,2014,110.9,105.8,91.2,0.3,0.292,0.59,4.76,-0.61,54,28,0.554,0.21,0.15,0.228,0.511,0.16,0.73,0.212,0.71
TOR,.445,0.372,0.782,2014,108.8,105.3,91.8,0.306,0.285,0.545,3.24,-0.69,48,34,0.498,0.27,0.13,0.239,0.493,0.14,0.75,0.237,0.57
DET,.447,0.321,0.67,2014,105.9,109.7,94.9,0.296,0.222,0.514,-3.66,-0.48,29,53,0.482,0.31,0.13,0.199,0.52,0.14,0.73,0.218,0.29
ATL,.458,0.363,0.781,2014,105.9,106.4,94.6,0.266,0.316,0.554,-0.48,-0.40,38,44,0.515,0.21,0.14,0.208,0.51,0.14,0.74,0.196,0.43
WAS,.459,0.38,0.731,2014,106.0,104.6,93.2,0.248,0.246,0.538,1.27,-0.79,44,38,0.506,0.25,0.14,0.181,0.504,0.15,0.76,0.22,0.57
SAC,.447,0.333,0.759,2014,105.7,108.8,94.4,0.331,0.218,0.532,-2.90,0.82,28,54,0.484,0.28,0.14,0.251,0.512,0.13,0.77,0.234,0.29
NOP,.459,0.373,0.769,2014,107.2,110.1,92.2,0.286,0.193,0.537,-2.71,0.73,34,48,0.495,0.27,0.13,0.22,0.515,0.14,0.74,0.249,0.43
PHI,.435,0.312,0.71,2014,99.4,109.9,99.2,0.268,0.258,0.51,-10.45,-0.21,19,63,0.475,0.25,0.15,0.19,0.524,0.15,0.72,0.244,0.15
NYK,.449,0.372,0.761,2014,108.3,109.1,90.3,0.248,0.302,0.541,-0.79,-0.61,37,45,0.505,0.25,0.12,0.189,0.514,0.14,0.74,0.245,0.43
BRK,.459,0.369,0.753,2014,106.7,107.7,91.4,0.313,0.301,0.555,-1.00,-0.58,44,38,0.514,0.22,0.14,0.236,0.509,0.15,0.72,0.236,0.57
CLE,.437,0.356,0.751,2014,104.2,107.7,93.1,0.268,0.236,0.518,-3.29,-0.57,33,49,0.479,0.27,0.13,0.201,0.508,0.13,0.76,0.199,0.43
CHO,.442,0.351,0.737,2014,103.6,103.8,92.4,0.297,0.219,0.522,-0.22,-0.67,43,39,0.481,0.22,0.12,0.219,0.491,0.13,0.78,0.183,0.57
IND,.449,0.357,0.779,2014,104.1,99.3,92.5,0.29,0.235,0.535,4.40,-0.77,56,26,0.49,0.25,0.14,0.226,0.46,0.13,0.77,0.197,0.71
ORL,.445,0.353,0.763,2014,101.7,107.4,93.6,0.253,0.235,0.525,-5.44,-0.44,23,59,0.487,0.22,0.14,0.193,0.504,0.13,0.76,0.211,0.29
BOS,.435,0.333,0.777,2014,102.9,107.7,93.3,0.248,0.251,0.517,-4.46,-0.51,25,57,0.477,0.27,0.14,0.193,0.505,0.13,0.74,0.227,0.29
MEM,.464,0.353,0.741,2014,106.3,104.6,89.9,0.248,0.171,0.529,1.57,0.61,50,32,0.494,0.28,0.13,0.184,0.497,0.14,0.76,0.199,0.62
MIL,.438,0.353,0.747,2014,103.0,111.8,91.8,0.274,0.231,0.519,-8.18,-0.23,15,67,0.479,0.27,0.14,0.204,0.52,0.13,0.71,0.225,0.15
UTA,.444,0.344,0.747,2014,103.5,111.3,91.4,0.271,0.237,0.523,-7.17,0.91,25,57,0.484,0.26,0.14,0.202,0.518,0.12,0.74,0.227,0.29
CHI,.432,0.348,0.779,2014,102.5,100.5,90.2,0.29,0.222,0.518,1.85,-0.66,48,34,0.471,0.27,0.14,0.226,0.471,0.14,0.75,0.189,0.57
GSW,.478,0.398,0.768,2015,111.6,101.4,98.3,0.239,0.311,0.571,10.10,-0.09,67,15,0.54,0.24,0.13,0.184,0.47,0.14,0.74,0.217,0.85
LAC,.473,0.376,0.71,2015,112.4,105.5,94.7,0.303,0.322,0.565,6.59,0.22,56,26,0.533,0.23,0.12,0.215,0.493,0.13,0.76,0.231,0.71
DAL,.463,0.352,0.752,2015,109.5,106.4,95.2,0.262,0.296,0.55,2.90,0.46,50,32,0.515,0.24,0.12,0.197,0.503,0.15,0.72,0.204,0.62
TOR,.455,0.352,0.787,2015,111.0,107.7,92.8,0.295,0.302,0.553,3.07,-0.62,49,33,0.508,0.26,0.12,0.232,0.506,0.13,0.73,0.208,0.57
OKC,.447,0.339,0.754,2015,107.8,105.5,95.7,0.284,0.262,0.532,2.18,0.28,45,37,0.492,0.29,0.13,0.214,0.489,0.12,0.76,0.213,0.57
HOU,.444,0.348,0.715,2015,107.0,103.4,96.5,0.312,0.392,0.548,3.44,0.38,56,26,0.512,0.27,0.15,0.223,0.486,0.15,0.73,0.208,0.71
SAS,.468,0.367,0.78,2015,108.5,102.0,93.8,0.256,0.269,0.555,6.20,0.14,55,27,0.517,0.23,0.13,0.2,0.484,0.13,0.77,0.19,0.71
CLE,.458,0.367,0.751,2015,111.1,106.3,92.3,0.287,0.334,0.557,4.48,-0.40,53,29,0.52,0.27,0.13,0.216,0.502,0.13,0.75,0.177,0.71
POR,.450,0.362,0.801,2015,108.2,103.7,94.2,0.225,0.316,0.544,4.23,0.18,51,31,0.508,0.24,0.13,0.18,0.476,0.11,0.76,0.182,0.62
ATL,.466,0.38,0.778,2015,108.9,103.1,93.9,0.259,0.321,0.563,5.43,-0.68,60,22,0.527,0.21,0.14,0.201,0.492,0.15,0.73,0.185,0.75
PHO,.452,0.341,0.76,2015,105.3,106.2,96.3,0.251,0.291,0.537,-0.90,0.52,39,43,0.501,0.24,0.14,0.191,0.497,0.14,0.74,0.221,0.43
DEN,.433,0.325,0.734,2015,104.5,108.2,96.1,0.278,0.284,0.518,-3.55,0.48,30,52,0.479,0.27,0.13,0.204,0.504,0.13,0.75,0.239,0.37
BOS,.443,0.327,0.754,2015,104.7,104.5,95.8,0.233,0.28,0.523,0.16,-0.56,40,42,0.489,0.25,0.12,0.176,0.494,0.14,0.75,0.208,0.5
SAC,.455,0.341,0.762,2015,105.3,109.2,95.4,0.363,0.204,0.542,-3.71,0.64,29,53,0.49,0.26,0.15,0.276,0.507,0.12,0.75,0.2,0.29
CHI,.442,0.353,0.783,2015,107.5,104.3,92.8,0.304,0.269,0.536,3.00,-0.46,50,32,0.489,0.27,0.13,0.238,0.473,0.11,0.74,0.182,0.62
NOP,.457,0.37,0.751,2015,108.2,107.3,91.4,0.263,0.233,0.537,0.79,0.34,45,37,0.501,0.27,0.12,0.198,0.496,0.12,0.75,0.195,0.57
WAS,.462,0.36,0.742,2015,103.7,103.0,93.7,0.259,0.203,0.534,0.72,-0.55,46,36,0.499,0.25,0.14,0.192,0.481,0.13,0.77,0.21,0.57
DET,.432,0.344,0.703,2015,105.3,106.4,92.8,0.261,0.29,0.515,-1.00,-0.39,32,50,0.482,0.28,0.12,0.184,0.502,0.13,0.75,0.192,0.38
LAL,.435,0.344,0.741,2015,103.4,110.6,94.0,0.276,0.22,0.513,-6.84,0.67,21,61,0.473,0.25,0.12,0.204,0.518,0.12,0.76,0.231,0.25
MEM,.458,0.339,0.773,2015,105.7,102.2,92.0,0.276,0.184,0.531,3.24,0.38,55,27,0.489,0.25,0.13,0.214,0.492,0.14,0.75,0.183,0.71
BRK,.451,0.331,0.748,2015,104.4,107.4,92.7,0.267,0.24,0.529,-2.88,-0.25,38,44,0.491,0.24,0.13,0.2,0.506,0.13,0.74,0.185,0.43
MIL,.459,0.363,0.757,2015,102.7,102.2,94.1,0.258,0.223,0.536,0.43,-0.52,41,41,0.499,0.25,0.16,0.195,0.487,0.16,0.73,0.221,0.5
MIN,.438,0.332,0.776,2015,102.9,112.2,94.4,0.309,0.179,0.517,-8.79,0.79,16,66,0.468,0.27,0.14,0.24,0.537,0.14,0.72,0.187,0.15
IND,.439,0.352,0.756,2015,103.5,103.2,93.2,0.266,0.255,0.523,0.28,-0.51,38,44,0.484,0.24,0.13,0.201,0.478,0.12,0.78,0.217,0.43
ORL,.453,0.347,0.729,2015,101.6,107.7,93.8,0.23,0.235,0.524,-5.72,-0.15,25,57,0.494,0.23,0.14,0.168,0.514,0.14,0.76,0.21,0.29
UTA,.447,0.343,0.721,2015,105.1,104.9,90.4,0.297,0.274,0.531,0.22,0.49,38,44,0.494,0.29,0.15,0.214,0.491,0.13,0.76,0.199,0.43
MIA,.456,0.335,0.741,2015,103.9,106.7,90.9,0.306,0.262,0.54,-2.60,-0.32,37,45,0.5,0.23,0.14,0.227,0.505,0.14,0.73,0.213,0.43
CHO,.420,0.318,0.748,2015,100.1,103.5,93.0,0.269,0.226,0.498,-3.17,-0.27,33,49,0.456,0.22,0.11,0.202,0.487,0.12,0.79,0.188,0.43
PHI,.408,0.32,0.676,2015,95.5,104.8,95.7,0.288,0.319,0.494,-8.98,-0.07,18,64,0.459,0.26,0.16,0.195,0.497,0.15,0.73,0.225,0.15
NYK,.428,0.347,0.769,2015,99.9,110.0,91.2,0.234,0.24,0.508,-9.32,-0.18,17,65,0.47,0.24,0.14,0.18,0.512,0.13,0.73,0.234,0.15
GSW,.487,0.416,0.763,2016,114.5,103.8,99.3,0.25,0.362,0.593,10.76,-0.38,73,9,0.563,0.24,0.14,0.191,0.479,0.13,0.76,0.208,0.99
OKC,.476,0.349,0.782,2016,113.1,105.6,96.7,0.292,0.275,0.565,7.28,-0.19,55,27,0.524,0.31,0.14,0.228,0.484,0.12,0.76,0.205,0.71
SAC,.464,0.359,0.725,2016,106.0,108.4,100.0,0.295,0.26,0.546,-2.48,0.16,33,49,0.51,0.24,0.14,0.214,0.521,0.14,0.75,0.202,0.43
HOU,.452,0.347,0.694,2016,108.3,108.1,97.6,0.352,0.37,0.553,0.20,0.14,41,41,0.516,0.26,0.14,0.244,0.516,0.15,0.73,0.219,0.5
BOS,.439,0.335,0.788,2016,106.8,103.6,98.5,0.264,0.293,0.531,3.21,-0.37,48,34,0.488,0.25,0.12,0.208,0.487,0.15,0.75,0.231,0.57
POR,.450,0.37,0.754,2016,108.8,108.0,96.0,0.268,0.332,0.548,0.83,0.15,44,38,0.511,0.26,0.13,0.202,0.503,0.12,0.76,0.225,0.57
LAC,.465,0.364,0.692,2016,108.3,103.8,95.8,0.318,0.324,0.556,4.28,-0.15,53,29,0.524,0.2,0.12,0.22,0.48,0.14,0.74,0.222,0.71
CLE,.460,0.362,0.748,2016,110.9,104.5,93.3,0.259,0.352,0.558,6.00,-0.55,57,25,0.524,0.25,0.13,0.194,0.496,0.13,0.78,0.205,0.71
WAS,.460,0.358,0.73,2016,105.3,105.8,98.5,0.263,0.282,0.544,-0.50,0.00,41,41,0.511,0.21,0.13,0.192,0.515,0.15,0.78,0.218,0.5
SAS,.484,0.375,0.803,2016,110.3,99.0,93.8,0.246,0.223,0.564,10.63,-0.36,67,15,0.526,0.23,0.12,0.197,0.477,0.14,0.79,0.182,0.85
CHO,.439,0.362,0.79,2016,107.1,104.3,95.7,0.28,0.348,0.545,2.72,-0.36,48,34,0.502,0.2,0.12,0.222,0.496,0.12,0.8,0.191,0.57
ATL,.458,0.35,0.783,2016,105.1,101.4,97.1,0.237,0.336,0.552,3.61,-0.12,48,34,0.516,0.19,0.14,0.185,0.48,0.14,0.75,0.194,0.57
NOP,.448,0.36,0.776,2016,105.6,109.5,96.8,0.259,0.277,0.537,-3.79,0.24,30,52,0.498,0.21,0.12,0.201,0.523,0.13,0.79,0.225,0.37
TOR,.451,0.37,0.777,2016,110.0,105.2,92.9,0.328,0.287,0.552,4.50,-0.42,56,26,0.504,0.25,0.12,0.255,0.498,0.13,0.78,0.201,0.71
MIN,.464,0.338,0.792,2016,106.5,110.1,95.2,0.332,0.202,0.549,-3.54,0.15,29,53,0.498,0.24,0.14,0.263,0.524,0.14,0.75,0.2,0.29
DAL,.444,0.344,0.794,2016,106.7,107.0,94.3,0.265,0.339,0.544,-0.30,0.29,42,40,0.502,0.21,0.12,0.211,0.504,0.13,0.76,0.198,0.5
IND,.450,0.351,0.764,2016,104.6,102.9,96.6,0.268,0.27,0.536,1.71,-0.09,45,37,0.497,0.23,0.14,0.205,0.489,0.14,0.76,0.205,0.57
ORL,.455,0.35,0.757,2016,105.1,106.8,96.0,0.232,0.255,0.533,-1.62,-0.06,35,47,0.5,0.23,0.13,0.175,0.513,0.14,0.76,0.215,0.43
DET,.439,0.345,0.668,2016,106.1,105.5,95.1,0.296,0.303,0.522,0.61,-0.18,44,38,0.491,0.27,0.12,0.197,0.504,0.12,0.79,0.196,0.57
DEN,.442,0.338,0.766,2016,105.6,108.9,95.7,0.282,0.277,0.531,-3.10,0.29,33,49,0.489,0.26,0.13,0.216,0.515,0.13,0.77,0.216,0.43
CHI,.441,0.371,0.787,2016,105.0,106.5,95.7,0.24,0.244,0.526,-1.48,0.01,42,40,0.487,0.24,0.13,0.189,0.485,0.11,0.75,0.182,0.5
PHO,.435,0.348,0.751,2016,102.2,109.0,98.5,0.271,0.302,0.526,-6.66,0.34,23,59,0.487,0.25,0.15,0.204,0.523,0.14,0.77,0.237,0.29
MIA,.470,0.336,0.744,2016,106.1,104.4,93.6,0.282,0.221,0.545,1.65,-0.14,48,34,0.508,0.24,0.13,0.21,0.485,0.12,0.78,0.196,0.57
MEM,.440,0.331,0.783,2016,105.4,107.8,93.3,0.295,0.222,0.524,-2.24,0.11,42,40,0.477,0.25,0.12,0.231,0.518,0.15,0.75,0.251,0.5
MIL,.467,0.345,0.747,2016,104.3,108.7,94.2,0.276,0.189,0.537,-4.18,0.20,33,49,0.499,0.25,0.14,0.207,0.51,0.14,0.73,0.221,0.43
BRK,.453,0.352,0.757,2016,103.2,110.9,95.2,0.246,0.218,0.527,-7.35,0.24,21,61,0.492,0.24,0.14,0.186,0.534,0.13,0.76,0.176,0.25
NYK,.439,0.346,0.805,2016,104.6,107.6,93.4,0.255,0.256,0.527,-2.73,0.00,32,50,0.483,0.24,0.13,0.205,0.487,0.1,0.76,0.204,0.38
UTA,.449,0.355,0.744,2016,105.9,103.9,91.0,0.286,0.297,0.54,1.79,0.05,40,42,0.501,0.26,0.14,0.213,0.495,0.14,0.78,0.21,0.5
PHI,.431,0.339,0.694,2016,98.8,109.2,97.9,0.269,0.327,0.519,-10.23,0.31,10,72,0.487,0.21,0.15,0.186,0.51,0.14,0.74,0.24,0.12
LAL,.414,0.317,0.781,2016,101.6,111.6,95.6,0.292,0.29,0.509,-9.56,0.64,17,65,0.46,0.23,0.12,0.228,0.523,0.12,0.75,0.202,0.15
GSW,.495,0.383,0.788,2017,115.6,104.0,99.8,0.259,0.359,0.597,11.63,-0.28,67,15,0.563,0.23,0.13,0.204,0.486,0.14,0.75,0.198,0.85
HOU,.462,0.357,0.766,2017,114.7,109.0,100.0,0.304,0.462,0.583,5.77,0.08,55,27,0.545,0.25,0.13,0.233,0.519,0.13,0.76,0.194,0.71
DEN,.469,0.368,0.774,2017,113.2,112.7,98.3,0.276,0.329,0.568,0.51,0.19,40,42,0.53,0.27,0.13,0.214,0.532,0.11,0.79,0.194,0.5
CLE,.470,0.384,0.748,2017,113.6,110.3,96.2,0.275,0.399,0.58,3.18,-0.31,51,31,0.547,0.22,0.13,0.206,0.516,0.11,0.76,0.174,0.62
WAS,.475,0.372,0.784,2017,111.2,109.3,97.4,0.254,0.284,0.564,1.80,-0.45,49,33,0.528,0.24,0.13,0.199,0.524,0.14,0.76,0.213,0.57
LAC,.475,0.375,0.745,2017,112.7,108.2,96.1,0.312,0.329,0.574,4.29,0.13,51,31,0.537,0.22,0.12,0.233,0.506,0.12,0.77,0.211,0.62
BOS,.454,0.359,0.807,2017,111.2,108.4,96.8,0.273,0.393,0.567,2.63,-0.39,53,29,0.525,0.21,0.12,0.22,0.503,0.13,0.75,0.223,0.71
POR,.459,0.375,0.78,2017,110.3,110.8,96.7,0.275,0.322,0.559,-0.52,0.30,41,41,0.52,0.23,0.12,0.214,0.508,0.12,0.77,0.241,0.5
PHO,.450,0.332,0.776,2017,106.6,112.2,100.3,0.297,0.255,0.538,-5.63,0.49,24,58,0.493,0.26,0.13,0.231,0.525,0.13,0.76,0.264,0.29
TOR,.464,0.363,0.796,2017,112.3,107.8,94.7,0.293,0.289,0.561,4.21,-0.56,51,31,0.517,0.25,0.12,0.233,0.507,0.14,0.76,0.223,0.62
OKC,.452,0.327,0.745,2017,108.3,107.5,97.8,0.295,0.295,0.54,0.76,0.39,47,35,0.5,0.28,0.13,0.22,0.511,0.12,0.79,0.218,0.57
BRK,.444,0.338,0.788,2017,104.1,110.7,101.3,0.289,0.371,0.551,-6.73,-0.01,20,62,0.507,0.2,0.15,0.228,0.513,0.12,0.76,0.212,0.25
MIN,.467,0.349,0.799,2017,110.8,112.0,94.6,0.287,0.249,0.555,-1.11,0.47,31,51,0.511,0.27,0.13,0.229,0.535,0.13,0.76,0.212,0.38
SAS,.469,0.391,0.797,2017,111.1,103.5,94.2,0.263,0.281,0.564,7.20,-0.06,61,21,0.524,0.24,0.13,0.21,0.492,0.14,0.78,0.192,0.75
IND,.465,0.376,0.81,2017,108.6,108.8,95.9,0.261,0.272,0.558,-0.22,-0.42,42,40,0.516,0.21,0.13,0.212,0.512,0.14,0.76,0.225,0.5
CHO,.442,0.351,0.815,2017,108.8,108.6,95.7,0.279,0.335,0.547,0.20,-0.26,36,46,0.501,0.2,0.11,0.227,0.523,0.12,0.8,0.164,0.43
LAL,.450,0.346,0.754,2017,106.0,113.0,98.5,0.259,0.295,0.537,-6.88,0.58,26,56,0.501,0.25,0.14,0.195,0.542,0.13,0.76,0.213,0.29
NOP,.450,0.35,0.75,2017,105.2,107.4,98.0,0.256,0.308,0.539,-2.10,0.41,34,48,0.504,0.18,0.12,0.192,0.509,0.12,0.77,0.177,0.43
NYK,.447,0.348,0.788,2017,107.7,111.5,96.0,0.239,0.279,0.534,-3.67,-0.20,31,51,0.496,0.27,0.12,0.188,0.511,0.12,0.74,0.214,0.38
MIL,.474,0.37,0.768,2017,109.1,109.3,94.5,0.274,0.29,0.565,-0.18,-0.26,42,40,0.527,0.22,0.13,0.21,0.518,0.14,0.75,0.215,0.5
MIA,.455,0.365,0.706,2017,107.8,106.7,95.2,0.251,0.314,0.541,1.06,-0.29,41,41,0.512,0.24,0.12,0.177,0.496,0.13,0.76,0.22,0.5
ATL,.451,0.341,0.728,2017,104.9,105.7,97.4,0.295,0.309,0.541,-0.85,-0.38,43,39,0.504,0.24,0.14,0.215,0.507,0.14,0.76,0.179,0.57
CHI,.444,0.34,0.798,2017,107.4,107.0,95.3,0.259,0.256,0.53,0.43,-0.39,41,41,0.487,0.27,0.12,0.206,0.507,0.12,0.77,0.169,0.5
SAC,.461,0.376,0.775,2017,107.3,111.3,94.9,0.284,0.291,0.556,-3.88,0.58,32,50,0.516,0.21,0.14,0.22,0.528,0.13,0.76,0.227,0.38
PHI,.442,0.34,0.771,2017,103.2,108.9,98.5,0.258,0.349,0.539,-5.70,-0.14,28,54,0.501,0.22,0.15,0.199,0.512,0.14,0.75,0.234,0.29
DET,.449,0.33,0.719,2017,106.0,107.1,95.0,0.218,0.263,0.521,-1.12,-0.17,37,45,0.492,0.24,0.11,0.157,0.516,0.12,0.81,0.197,0.43
ORL,.440,0.328,0.747,2017,103.7,110.5,96.8,0.246,0.3,0.524,-6.57,-0.04,29,53,0.489,0.22,0.12,0.184,0.523,0.12,0.77,0.201,0.29
UTA,.466,0.372,0.747,2017,109.6,105.3,91.6,0.288,0.327,0.563,3.94,0.06,51,31,0.526,0.23,0.13,0.215,0.493,0.12,0.79,0.195,0.62
MEM,.435,0.354,0.784,2017,107.7,107.1,92.3,0.28,0.316,0.535,0.49,0.47,43,39,0.491,0.25,0.12,0.219,0.506,0.14,0.78,0.256,0.57
DAL,.440,0.355,0.801,2017,105.6,108.8,92.2,0.225,0.366,0.541,-2.93,0.40,33,49,0.505,0.18,0.12,0.18,0.529,0.14,0.78,0.218,0.43
GSW,.503,0.391,0.815,2018,113.6,107.6,99.6,0.239,0.339,0.603,5.98,-0.19,58,24,0.569,0.21,0.14,0.195,0.504,0.13,0.76,0.186,0.71
HOU,.460,0.362,0.781,2018,114.7,106.1,97.6,0.298,0.502,0.59,8.48,-0.27,65,17,0.551,0.21,0.13,0.233,0.521,0.13,0.8,0.171,0.85
NOP,.483,0.362,0.772,2018,109.6,108.3,100.5,0.237,0.319,0.573,1.30,0.18,48,34,0.541,0.2,0.13,0.183,0.513,0.12,0.77,0.175,0.57
TOR,.472,0.358,0.794,2018,113.8,105.9,97.4,0.25,0.377,0.575,7.78,-0.49,59,23,0.539,0.23,0.12,0.198,0.501,0.13,0.78,0.212,0.71
CLE,.476,0.372,0.779,2018,112.9,111.9,98.0,0.275,0.379,0.584,0.94,-0.35,50,32,0.547,0.2,0.13,0.214,0.54,0.12,0.77,0.166,0.62
DEN,.470,0.371,0.767,2018,112.5,111.0,96.8,0.258,0.357,0.57,1.48,0.09,46,36,0.536,0.26,0.13,0.198,0.539,0.13,0.78,0.173,0.57
PHI,.472,0.369,0.752,2018,109.5,105.0,99.8,0.263,0.344,0.568,4.50,-0.20,52,30,0.535,0.25,0.15,0.198,0.492,0.13,0.79,0.218,0.63
MIN,.476,0.357,0.804,2018,113.4,111.1,96.0,0.28,0.261,0.566,2.23,0.12,47,35,0.523,0.24,0.11,0.225,0.539,0.14,0.76,0.189,0.57
LAC,.471,0.354,0.743,2018,110.3,110.2,98.7,0.299,0.314,0.564,0.04,0.11,42,40,0.527,0.24,0.13,0.222,0.52,0.13,0.76,0.203,0.5
CHO,.450,0.369,0.747,2018,109.4,109.1,98.4,0.312,0.314,0.549,0.26,-0.19,36,46,0.508,0.22,0.11,0.233,0.532,0.12,0.81,0.165,0.43
LAL,.461,0.345,0.714,2018,106.5,108.0,100.3,0.264,0.329,0.548,-1.55,0.11,35,47,0.517,0.24,0.14,0.188,0.514,0.12,0.78,0.19,0.43
OKC,.453,0.354,0.716,2018,110.7,107.2,96.7,0.275,0.345,0.546,3.41,0.00,48,34,0.514,0.28,0.12,0.197,0.525,0.15,0.77,0.193,0.57
WAS,.467,0.375,0.772,2018,109.3,108.7,96.6,0.254,0.31,0.56,0.59,-0.06,43,39,0.525,0.24,0.13,0.196,0.522,0.14,0.77,0.212,0.57
BRK,.441,0.356,0.772,2018,106.9,110.6,98.9,0.26,0.411,0.551,-3.74,0.07,28,54,0.514,0.21,0.14,0.201,0.517,0.11,0.77,0.201,0.29
MIL,.478,0.355,0.783,2018,109.8,110.1,96.2,0.281,0.297,0.571,-0.30,-0.15,44,38,0.531,0.2,0.13,0.22,0.528,0.14,0.76,0.22,0.57
POR,.452,0.366,0.8,2018,109.1,106.4,96.5,0.24,0.324,0.549,2.60,0.00,49,33,0.511,0.23,0.12,0.192,0.503,0.12,0.79,0.193,0.57
IND,.472,0.369,0.779,2018,109.5,108.1,96.0,0.222,0.284,0.557,1.38,-0.20,48,34,0.525,0.23,0.12,0.173,0.527,0.14,0.76,0.174,0.57
NYK,.464,0.352,0.787,2018,107.1,110.7,96.8,0.216,0.266,0.544,-3.56,0.03,29,53,0.51,0.24,0.13,0.17,0.522,0.12,0.77,0.208,0.29
UTA,.462,0.366,0.779,2018,108.4,103.9,95.7,0.26,0.357,0.564,4.30,0.17,48,34,0.527,0.22,0.14,0.202,0.506,0.14,0.8,0.19,0.57
BOS,.450,0.377,0.771,2018,107.6,103.9,96.0,0.243,0.357,0.552,3.59,-0.35,55,27,0.518,0.22,0.13,0.188,0.495,0.13,0.78,0.191,0.71
PHO,.442,0.334,0.741,2018,103.5,112.8,100.3,0.275,0.32,0.532,-9.37,0.57,21,61,0.495,0.22,0.14,0.203,0.533,0.12,0.76,0.212,0.25
DET,.450,0.373,0.745,2018,107.2,107.3,96.2,0.227,0.333,0.543,-0.15,-0.11,39,43,0.512,0.23,0.12,0.169,0.524,0.14,0.78,0.172,0.43
MIA,.455,0.36,0.755,2018,106.8,106.3,95.6,0.229,0.358,0.551,0.48,-0.33,44,38,0.52,0.22,0.13,0.173,0.507,0.13,0.79,0.215,0.57
ORL,.452,0.351,0.757,2018,105.2,110.1,98.1,0.238,0.342,0.545,-4.82,-0.10,25,57,0.512,0.2,0.13,0.18,0.525,0.13,0.76,0.187,0.29
ATL,.446,0.36,0.785,2018,105.0,110.6,98.3,0.236,0.363,0.547,-5.45,0.15,24,58,0.512,0.21,0.14,0.185,0.536,0.14,0.76,0.183,0.29
CHI,.435,0.355,0.759,2018,103.8,110.9,98.3,0.216,0.35,0.529,-7.04,0.20,27,55,0.497,0.21,0.13,0.164,0.542,0.12,0.81,0.184,0.29
SAS,.457,0.352,0.772,2018,107.9,104.8,95.0,0.245,0.282,0.543,2.89,0.00,47,35,0.507,0.24,0.12,0.189,0.507,0.13,0.79,0.17,0.57
DAL,.444,0.36,0.763,2018,106.3,109.5,95.6,0.217,0.382,0.544,-3.04,0.34,24,58,0.513,0.18,0.12,0.166,0.532,0.13,0.79,0.193,0.29
MEM,.444,0.352,0.786,2018,104.5,111.0,94.9,0.255,0.317,0.539,-6.21,0.39,22,60,0.5,0.22,0.14,0.201,0.529,0.14,0.76,0.256,0.25
SAC,.450,0.375,0.735,2018,103.7,111.1,94.9,0.194,0.278,0.529,-6.99,0.39,27,55,0.502,0.22,0.13,0.143,0.542,0.14,0.78,0.199,0.29
MIL,.476,0.353,0.773,2019,113.8,105.2,103.3,0.255,0.419,0.583,8.87,-0.82,60,22,0.55,0.21,0.12,0.197,0.503,0.12,0.8,0.162,0.75
GSW,.491,0.385,0.801,2019,115.9,109.5,100.9,0.227,0.384,0.596,6.46,-0.04,57,25,0.565,0.22,0.13,0.182,0.508,0.12,0.77,0.205,0.71
NOP,.473,0.344,0.761,2019,111.4,112.6,103.3,0.254,0.324,0.563,-1.33,0.23,33,49,0.529,0.24,0.13,0.193,0.532,0.12,0.77,0.193,0.43
PHI,.471,0.359,0.771,2019,112.6,110.0,101.6,0.312,0.342,0.574,2.70,-0.44,51,31,0.532,0.24,0.13,0.241,0.512,0.11,0.79,0.206,0.62
LAC,.471,0.388,0.792,2019,112.4,111.5,101.7,0.326,0.295,0.575,0.85,0.23,48,34,0.529,0.22,0.13,0.258,0.514,0.11,0.76,0.224,0.57
POR,.467,0.359,0.814,2019,114.7,110.5,99.1,0.258,0.339,0.568,4.20,0.24,53,29,0.528,0.27,0.12,0.21,0.516,0.11,0.78,0.195,0.71
OKC,.454,0.348,0.713,2019,110.3,107.0,102.8,0.266,0.347,0.545,3.40,0.15,49,33,0.514,0.26,0.12,0.19,0.523,0.14,0.78,0.206,0.57
TOR,.474,0.366,0.804,2019,113.1,107.1,100.2,0.247,0.379,0.579,6.09,-0.60,58,24,0.543,0.22,0.12,0.198,0.509,0.13,0.77,0.19,0.71
SAC,.464,0.378,0.726,2019,110.4,111.5,103.1,0.244,0.321,0.554,-1.12,0.31,39,43,0.524,0.23,0.12,0.177,0.533,0.14,0.76,0.207,0.43
WAS,.468,0.341,0.768,2019,111.1,113.9,101.4,0.266,0.37,0.567,-2.90,-0.40,32,50,0.531,0.21,0.12,0.204,0.546,0.14,0.74,0.199,0.38
HOU,.449,0.356,0.791,2019,115.5,110.7,97.9,0.279,0.519,0.581,4.77,0.19,53,29,0.542,0.23,0.12,0.221,0.525,0.13,0.74,0.21,0.71
ATL,.451,0.352,0.752,2019,108.1,113.9,103.9,0.255,0.403,0.555,-6.02,-0.04,29,53,0.522,0.25,0.14,0.192,0.541,0.13,0.76,0.237,0.29
MIN,.456,0.351,0.787,2019,111.4,112.9,100.2,0.267,0.315,0.552,-1.50,0.48,36,46,0.511,0.25,0.11,0.21,0.538,0.13,0.75,0.19,0.43
BOS,.465,0.365,0.802,2019,112.2,107.8,99.6,0.215,0.381,0.567,4.44,-0.54,49,33,0.534,0.22,0.12,0.173,0.514,0.13,0.77,0.198,0.57
BRK,.449,0.353,0.745,2019,109.6,109.7,100.8,0.284,0.403,0.556,-0.07,-0.33,42,40,0.52,0.24,0.13,0.211,0.512,0.12,0.76,0.19,0.5
LAL,.470,0.333,0.699,2019,107.8,109.5,103.2,0.257,0.342,0.554,-1.72,0.39,37,45,0.527,0.22,0.13,0.18,0.516,0.12,0.76,0.192,0.43
UTA,.468,0.356,0.736,2019,110.9,105.7,100.3,0.295,0.394,0.572,5.26,0.03,50,32,0.538,0.23,0.13,0.217,0.507,0.12,0.8,0.189,0.62
SAS,.478,0.392,0.819,2019,112.9,111.2,98.3,0.237,0.286,0.572,1.68,0.12,48,34,0.534,0.21,0.11,0.194,0.528,0.11,0.79,0.17,0.57
CHO,.448,0.351,0.797,2019,111.4,112.5,98.7,0.257,0.378,0.554,-1.10,-0.22,39,43,0.514,0.22,0.11,0.205,0.538,0.12,0.77,0.179,0.43
DEN,.466,0.351,0.755,2019,113.0,108.9,97.7,0.232,0.348,0.558,3.95,0.24,54,28,0.527,0.27,0.12,0.175,0.521,0.12,0.78,0.194,0.71
DAL,.447,0.34,0.742,2019,109.4,110.7,99.0,0.291,0.422,0.555,-1.28,0.42,33,49,0.519,0.23,0.13,0.216,0.522,0.12,0.78,0.191,0.43
IND,.475,0.374,0.752,2019,109.9,106.5,98.1,0.242,0.292,0.561,3.33,-0.57,48,34,0.53,0.22,0.12,0.182,0.516,0.14,0.76,0.184,0.57
PHO,.459,0.329,0.779,2019,105.9,115.1,100.5,0.259,0.335,0.552,-9.34,0.73,19,63,0.514,0.2,0.14,0.202,0.545,0.14,0.72,0.236,0.15
ORL,.454,0.356,0.782,2019,108.9,108.1,98.1,0.216,0.36,0.55,0.71,-0.43,42,40,0.518,0.22,0.12,0.168,0.515,0.12,0.8,0.186,0.5
DET,.440,0.348,0.747,2019,109.0,109.2,97.4,0.262,0.394,0.544,-0.24,-0.31,41,41,0.509,0.25,0.12,0.195,0.526,0.13,0.79,0.211,0.5
MIA,.450,0.349,0.695,2019,107.3,107.6,98.2,0.247,0.368,0.542,-0.23,-0.22,39,43,0.515,0.25,0.13,0.172,0.51,0.13,0.78,0.201,0.43
CHI,.453,0.351,0.783,2019,104.8,113.2,99.0,0.235,0.295,0.541,-8.41,0.10,22,60,0.505,0.19,0.13,0.184,0.541,0.12,0.77,0.188,0.25
NYK,.433,0.34,0.759,2019,104.5,113.7,99.6,0.27,0.334,0.529,-9.21,0.28,17,65,0.49,0.22,0.12,0.205,0.533,0.12,0.76,0.203,0.15
CLE,.444,0.355,0.792,2019,107.7,117.6,96.6,0.236,0.332,0.54,-9.61,0.22,19,63,0.503,0.24,0.12,0.187,0.564,0.12,0.77,0.181,0.15
MEM,.450,0.342,0.772,2019,106.1,108.8,96.6,0.272,0.342,0.548,-2.60,0.51,33,49,0.508,0.2,0.13,0.21,0.521,0.14,0.78,0.232,0.43
DAL,.461,0.367,0.779,2020,116.7,111.7,99.3,0.264,0.457,0.581,4.95,-0.07,43,32,0.545,0.23,0.11,0.206,0.525,0.11,0.78,0.175,0.57
MIL,.476,0.355,0.742,2020,112.4,102.9,105.1,0.271,0.428,0.583,10.08,-0.67,56,17,0.552,0.21,0.13,0.201,0.489,0.12,0.82,0.178,0.83
POR,.463,0.377,0.804,2020,113.7,114.8,100.7,0.242,0.374,0.57,-1.15,0.54,35,39,0.533,0.22,0.11,0.194,0.53,0.11,0.75,0.208,0.5
HOU,.451,0.345,0.791,2020,112.9,110.1,103.7,0.288,0.501,0.578,2.96,0.17,44,28,0.537,0.21,0.13,0.228,0.529,0.14,0.76,0.197,0.66
LAC,.466,0.371,0.791,2020,113.9,107.6,101.5,0.295,0.375,0.577,6.44,0.21,49,23,0.535,0.24,0.13,0.233,0.506,0.12,0.78,0.206,0.67
NOP,.465,0.37,0.729,2020,110.7,111.9,103.7,0.256,0.403,0.568,-1.29,0.74,30,42,0.539,0.24,0.14,0.186,0.532,0.12,0.78,0.212,0.43
PHO,.468,0.358,0.834,2020,111.7,111.4,101.3,0.271,0.361,0.576,0.22,0.35,34,39,0.532,0.22,0.13,0.226,0.539,0.14,0.79,0.221,0.5
WAS,.457,0.368,0.788,2020,110.9,115.5,102.7,0.27,0.358,0.562,-4.67,-0.57,25,47,0.523,0.22,0.12,0.213,0.558,0.14,0.75,0.231,0.33
MEM,.468,0.347,0.763,2020,109.2,110.3,102.8,0.24,0.346,0.561,-1.07,0.16,34,39,0.528,0.23,0.13,0.183,0.521,0.13,0.78,0.217,0.5
BOS,.461,0.364,0.801,2020,113.3,107.0,99.5,0.259,0.386,0.57,6.31,-0.47,48,24,0.531,0.24,0.12,0.207,0.509,0.14,0.77,0.215,0.67
MIA,.468,0.379,0.783,2020,112.5,109.5,98.3,0.299,0.419,0.587,2.95,-0.35,44,29,0.547,0.2,0.14,0.234,0.523,0.13,0.8,0.213,0.66
DEN,.473,0.359,0.777,2020,113.1,111.0,97.1,0.235,0.344,0.567,2.11,0.24,46,27,0.535,0.25,0.12,0.183,0.533,0.13,0.77,0.198,0.66
TOR,.458,0.374,0.796,2020,111.1,105.0,100.9,0.264,0.421,0.574,6.24,-0.26,53,19,0.536,0.21,0.13,0.21,0.502,0.15,0.77,0.202,0.82
SAS,.472,0.376,0.81,2020,112.4,113.5,100.5,0.262,0.318,0.572,-1.11,0.46,32,39,0.531,0.2,0.11,0.212,0.542,0.12,0.79,0.193,0.49
PHI,.468,0.368,0.755,2020,111.3,109.0,99.0,0.255,0.36,0.566,2.38,-0.13,43,30,0.534,0.24,0.13,0.193,0.523,0.12,0.8,0.214,0.57
LAL,.480,0.349,0.729,2020,112.0,106.3,100.9,0.276,0.358,0.573,5.79,0.49,52,19,0.542,0.24,0.13,0.201,0.515,0.14,0.79,0.205,0.82
BRK,.448,0.343,0.745,2020,108.9,109.5,101.4,0.267,0.423,0.554,-0.57,-0.44,35,37,0.52,0.23,0.13,0.199,0.511,0.11,0.78,0.187,0.5
UTA,.471,0.38,0.779,2020,112.3,109.9,98.6,0.268,0.414,0.585,2.47,0.05,44,28,0.549,0.22,0.14,0.208,0.518,0.11,0.79,0.185,0.66
IND,.476,0.363,0.787,2020,110.0,108.0,98.9,0.216,0.317,0.565,1.96,-0.33,45,28,0.534,0.2,0.12,0.17,0.511,0.13,0.77,0.192,0.66
OKC,.468,0.355,0.796,2020,110.8,108.8,98.8,0.29,0.353,0.573,1.99,0.34,44,28,0.53,0.19,0.12,0.231,0.518,0.13,0.77,0.173,0.66
SAC,.462,0.364,0.77,2020,110.2,112.2,98.9,0.23,0.395,0.566,-2.04,0.46,31,41,0.534,0.22,0.13,0.177,0.543,0.14,0.78,0.225,0.43
ORL,.444,0.343,0.774,2020,108.5,109.5,98.6,0.256,0.364,0.544,-1.01,0.09,33,40,0.506,0.22,0.12,0.198,0.535,0.13,0.79,0.176,0.43
ATL,.449,0.333,0.79,2020,107.2,114.8,103.0,0.258,0.398,0.554,-7.97,0.27,20,47,0.515,0.22,0.14,0.204,0.543,0.13,0.75,0.233,0.33
MIN,.441,0.336,0.753,2020,108.1,112.2,103.4,0.277,0.433,0.551,-4.30,0.28,19,45,0.514,0.22,0.13,0.209,0.541,0.13,0.77,0.218,0.21
DET,.459,0.367,0.743,2020,109.0,112.7,97.6,0.261,0.381,0.561,-3.56,-0.82,20,46,0.529,0.23,0.14,0.194,0.541,0.13,0.76,0.186,0.33
NYK,.447,0.337,0.694,2020,106.5,113.0,98.6,0.263,0.318,0.531,-6.45,-0.26,21,45,0.501,0.26,0.13,0.182,0.541,0.12,0.78,0.224,0.33
CLE,.458,0.351,0.758,2020,107.5,115.4,98.7,0.227,0.362,0.553,-7.89,0.12,19,46,0.522,0.25,0.15,0.172,0.56,0.12,0.77,0.164,0.21
CHI,.447,0.348,0.755,2020,106.7,109.8,99.7,0.231,0.396,0.547,-3.08,-0.93,22,43,0.515,0.23,0.14,0.175,0.546,0.16,0.76,0.239,0.33
GSW,.438,0.334,0.803,2020,105.2,113.8,100.3,0.264,0.355,0.54,-8.71,0.59,15,50,0.497,0.22,0.13,0.212,0.553,0.14,0.76,0.193,0.17
CHO,.434,0.352,0.748,2020,106.3,113.3,95.8,0.252,0.399,0.539,-6.75,-0.28,23,42,0.504,0.24,0.13,0.188,0.546,0.13,0.74,0.159,0.34
MIL,.487,0.389,0.76,2021,117.2,111.4,102.2,0.233,0.404,0.593,5.89,-0.32,46,26,0.566,0.23,0.12,0.177,0.536,0.12,0.8,0.157,0.66
BRK,.494,0.392,0.804,2021,118.3,113.8,99.5,0.258,0.413,0.61,4.50,-0.27,48,24,0.575,0.21,0.12,0.208,0.531,0.11,0.77,0.187,0.67
WAS,.475,0.351,0.769,2021,111.2,113.0,104.1,0.288,0.319,0.569,-1.83,-0.01,34,38,0.531,0.21,0.12,0.221,0.539,0.12,0.78,0.217,0.5
UTA,.468,0.389,0.799,2021,117.6,108.3,98.5,0.244,0.488,0.597,9.25,-0.29,52,20,0.563,0.24,0.13,0.195,0.507,0.1,0.79,0.159,0.72
POR,.453,0.385,0.823,2021,117.8,116.0,98.4,0.238,0.448,0.577,1.79,0.01,42,30,0.54,0.23,0.1,0.195,0.546,0.11,0.78,0.203,0.57
IND,.474,0.364,0.792,2021,112.4,112.4,101.6,0.227,0.372,0.575,-0.04,-0.08,34,38,0.542,0.2,0.12,0.18,0.531,0.13,0.75,0.201,0.5
PHO,.490,0.378,0.834,2021,117.2,111.3,97.2,0.212,0.392,0.597,5.82,-0.15,51,21,0.564,0.21,0.12,0.177,0.534,0.12,0.78,0.194,0.71
DEN,.485,0.377,0.803,2021,117.1,112.1,97.1,0.219,0.383,0.588,4.93,-0.11,47,25,0.557,0.25,0.12,0.176,0.545,0.13,0.79,0.2,0.67
NOP,.477,0.348,0.729,2021,113.5,113.8,100.1,0.293,0.342,0.57,-0.29,0.10,31,41,0.537,0.26,0.13,0.214,0.55,0.12,0.8,0.186,0.43
LAC,.482,0.411,0.839,2021,117.6,111.2,96.9,0.222,0.4,0.599,6.18,-0.16,47,25,0.564,0.23,0.12,0.186,0.531,0.12,0.79,0.186,0.67
SAC,.481,0.364,0.745,2021,113.6,117.2,100.0,0.248,0.376,0.578,-3.68,0.23,31,41,0.549,0.21,0.12,0.185,0.557,0.12,0.75,0.199,0.43
GSW,.468,0.376,0.785,2021,111.1,110.1,102.2,0.239,0.439,0.583,1.06,0.04,39,33,0.551,0.18,0.13,0.188,0.522,0.13,0.77,0.223,0.5
ATL,.468,0.373,0.812,2021,115.7,113.3,97.6,0.278,0.382,0.581,2.32,-0.18,41,31,0.539,0.24,0.12,0.226,0.53,0.11,0.78,0.19,0.57
PHI,.476,0.374,0.767,2021,113.2,107.6,99.5,0.293,0.347,0.579,5.58,-0.31,49,23,0.541,0.23,0.13,0.225,0.521,0.14,0.78,0.2,0.67
MEM,.467,0.356,0.771,2021,112.0,111.0,100.4,0.232,0.342,0.56,1.03,0.04,38,34,0.528,0.24,0.12,0.179,0.535,0.13,0.78,0.196,0.5
BOS,.466,0.374,0.775,2021,114.0,112.5,98.3,0.234,0.409,0.574,1.46,-0.14,36,36,0.543,0.24,0.12,0.181,0.539,0.13,0.78,0.215,0.5
DAL,.470,0.362,0.778,2021,115.4,113.0,97.3,0.242,0.436,0.582,2.26,-0.01,42,30,0.55,0.21,0.11,0.189,0.534,0.12,0.78,0.197,0.57
MIN,.448,0.349,0.761,2021,109.5,115.0,101.6,0.254,0.413,0.555,-5.56,0.31,23,49,0.52,0.23,0.12,0.193,0.556,0.13,0.77,0.207,0.33
TOR,.448,0.368,0.815,2021,112.0,112.5,99.2,0.241,0.444,0.567,-0.47,-0.07,27,45,0.529,0.21,0.12,0.196,0.543,0.14,0.76,0.234,0.34
SAS,.462,0.35,0.792,2021,111.0,112.8,98.9,0.243,0.314,0.554,-1.74,0.15,33,39,0.517,0.2,0.1,0.192,0.541,0.12,0.77,0.174,0.5
CHI,.476,0.37,0.791,2021,111.1,112.0,99.0,0.197,0.383,0.575,-0.89,-0.05,31,41,0.547,0.22,0.14,0.156,0.538,0.12,0.8,0.196,0.43
LAL,.472,0.354,0.739,2021,109.9,107.1,98.7,0.271,0.363,0.569,2.79,-0.03,42,30,0.536,0.22,0.14,0.2,0.526,0.14,0.8,0.184,0.57
CHO,.455,0.369,0.761,2021,110.9,112.8,98.3,0.238,0.422,0.564,-1.93,-0.01,33,39,0.532,0.24,0.13,0.181,0.55,0.13,0.76,0.163,0.5
HOU,.444,0.339,0.74,2021,107.1,114.9,101.4,0.252,0.459,0.553,-7.90,0.40,17,55,0.521,0.2,0.13,0.187,0.555,0.13,0.77,0.201,0.17
MIA,.468,0.358,0.79,2021,111.2,111.2,96.6,0.252,0.432,0.581,0.03,-0.09,40,32,0.546,0.19,0.13,0.199,0.542,0.14,0.78,0.183,0.57
NYK,.456,0.392,0.784,2021,110.6,108.2,95.9,0.242,0.347,0.559,2.31,-0.18,41,31,0.524,0.22,0.12,0.19,0.509,0.12,0.79,0.196,0.57
DET,.452,0.351,0.759,2021,108.0,112.5,97.9,0.273,0.385,0.556,-4.47,0.09,20,52,0.519,0.22,0.14,0.207,0.541,0.13,0.77,0.195,0.28
OKC,.441,0.339,0.725,2021,103.5,114.0,101.0,0.242,0.399,0.539,-10.64,0.51,22,50,0.509,0.21,0.14,0.176,0.547,0.12,0.78,0.167,0.29
ORL,.429,0.343,0.775,2021,105.1,114.5,98.7,0.24,0.356,0.527,-9.31,0.29,21,51,0.49,0.22,0.12,0.186,0.547,0.12,0.78,0.169,0.29
CLE,.450,0.336,0.743,2021,105.8,114.4,97.3,0.261,0.347,0.543,-8.44,0.25,22,50,0.508,0.24,0.14,0.194,0.556,0.13,0.77,0.183,0.29
CHO,.457,0.36,0.737,2022,111.9,112.9,100.5,0.227,0.416,0.56,-1.05,0.12,28,28,0.532,0.23,0.12,0.167,0.543,0.13,0.76,0.189,0.5
MEM,.458,0.339,0.738,2022,112.9,108.5,99.5,0.236,0.348,0.547,4.48,0.09,38,18,0.517,0.29,0.11,0.174,0.524,0.14,0.78,0.187,0.74
MIL,.460,0.364,0.779,2022,113.5,109.3,99.2,0.243,0.442,0.573,4.18,-0.83,35,21,0.54,0.23,0.12,0.189,0.522,0.12,0.78,0.164,0.6
SAC,.456,0.344,0.76,2022,109.7,114.6,99.7,0.25,0.38,0.555,-4.95,0.24,21,36,0.521,0.23,0.12,0.19,0.542,0.12,0.75,0.175,0.4
UTA,.472,0.361,0.779,2022,116.0,109.5,97.9,0.265,0.469,0.591,6.44,-0.06,34,21,0.557,0.24,0.13,0.207,0.516,0.11,0.78,0.155,0.6
LAL,.466,0.349,0.723,2022,108.9,110.4,100.2,0.249,0.388,0.562,-1.57,-0.64,26,30,0.534,0.21,0.13,0.18,0.526,0.13,0.76,0.189,0.41
MIN,.447,0.35,0.765,2022,112.1,110.4,100.1,0.234,0.452,0.558,1.73,-0.06,29,26,0.526,0.26,0.13,0.179,0.53,0.15,0.75,0.227,0.5
CHI,.480,0.375,0.814,2022,113.7,111.9,98.3,0.245,0.345,0.582,1.78,-0.62,34,21,0.545,0.21,0.12,0.199,0.533,0.12,0.78,0.188,0.6
SAS,.464,0.352,0.738,2022,110.9,111.1,99.7,0.198,0.338,0.549,-0.25,0.20,20,35,0.523,0.24,0.11,0.146,0.528,0.12,0.75,0.166,0.4
PHO,.478,0.361,0.795,2022,113.7,106.0,99.2,0.224,0.353,0.575,7.61,-0.14,44,10,0.542,0.23,0.12,0.179,0.505,0.13,0.77,0.179,0.8
IND,.455,0.333,0.77,2022,110.6,113.1,97.3,0.237,0.395,0.554,-2.48,0.51,19,37,0.521,0.25,0.13,0.183,0.535,0.12,0.77,0.204,0.26
GSW,.466,0.364,0.764,2022,111.7,103.9,98.5,0.234,0.466,0.581,7.71,-0.23,41,14,0.551,0.23,0.14,0.179,0.499,0.14,0.79,0.191,0.79
BOS,.452,0.34,0.816,2022,110.6,105.9,96.6,0.235,0.416,0.561,4.66,-0.40,31,25,0.523,0.24,0.13,0.192,0.499,0.13,0.78,0.179,0.59
ATL,.468,0.376,0.802,2022,114.7,114.2,97.5,0.248,0.381,0.576,0.44,0.28,26,28,0.539,0.23,0.11,0.199,0.539,0.11,0.78,0.174,0.5
POR,.447,0.354,0.761,2022,109.8,114.5,97.8,0.247,0.437,0.558,-4.57,0.47,22,34,0.524,0.23,0.12,0.188,0.555,0.12,0.79,0.19,0.4
BRK,.468,0.352,0.811,2022,111.6,111.8,99.0,0.234,0.359,0.568,-0.19,-0.14,29,25,0.531,0.23,0.12,0.19,0.514,0.12,0.76,0.192,0.5
MIA,.461,0.378,0.815,2022,112.8,108.1,95.6,0.237,0.421,0.577,4.53,-0.39,35,20,0.54,0.25,0.14,0.193,0.523,0.14,0.78,0.204,0.6
LAC,.450,0.36,0.789,2022,107.5,109.1,98.6,0.221,0.396,0.555,-1.52,0.21,27,29,0.521,0.2,0.13,0.174,0.509,0.12,0.74,0.166,0.5
DEN,.474,0.355,0.786,2022,112.7,110.6,96.9,0.219,0.42,0.578,2.13,0.05,30,24,0.548,0.21,0.13,0.172,0.534,0.12,0.78,0.178,0.6
CLE,.464,0.352,0.751,2022,110.6,105.8,96.3,0.246,0.393,0.565,4.56,-0.07,34,21,0.534,0.24,0.14,0.185,0.503,0.13,0.76,0.156,0.6
DAL,.454,0.338,0.771,2022,110.4,107.1,95.8,0.235,0.426,0.559,3.24,-0.28,32,23,0.526,0.21,0.12,0.181,0.516,0.13,0.79,0.179,0.6
HOU,.450,0.343,0.716,2022,107.0,115.7,100.8,0.291,0.451,0.56,-8.76,0.23,15,39,0.527,0.22,0.15,0.208,0.552,0.12,0.76,0.201,0.25
PHI,.466,0.357,0.811,2022,111.6,109.4,95.9,0.254,0.363,0.57,2.07,-0.43,32,22,0.53,0.2,0.12,0.206,0.514,0.12,0.76,0.186,0.6
ORL,.433,0.33,0.787,2022,104.2,112.2,98.8,0.225,0.411,0.536,-7.95,0.15,13,43,0.501,0.2,0.13,0.177,0.53,0.12,0.76,0.195,0.2
TOR,.442,0.356,0.758,2022,112.1,110.1,95.9,0.228,0.384,0.543,1.91,0.35,30,23,0.511,0.28,0.12,0.172,0.531,0.15,0.75,0.202,0.6
NYK,.435,0.353,0.746,2022,108.8,110.1,95.6,0.258,0.426,0.545,-1.33,0.02,24,31,0.511,0.25,0.12,0.192,0.518,0.12,0.78,0.188,0.4
NOP,.443,0.328,0.792,2022,108.8,112.2,96.9,0.259,0.375,0.545,-3.24,0.19,22,32,0.504,0.26,0.13,0.205,0.542,0.13,0.79,0.192,0.4
WAS,.462,0.322,0.779,2022,109.2,112.4,97.0,0.258,0.359,0.557,-3.17,0.60,24,29,0.52,0.21,0.12,0.201,0.518,0.11,0.77,0.196,0.49
DET,.420,0.318,0.776,2022,103.1,112.9,98.7,0.249,0.395,0.522,-9.78,0.41,12,42,0.483,0.22,0.13,0.193,0.544,0.14,0.76,0.215,0.2
OKC,.418,0.314,0.765,2022,102.8,109.7,97.8,0.215,0.424,0.518,-6.72,0.24,17,37,0.484,0.22,0.12,0.164,0.522,0.12,0.76,0.157,0.26
